"id","title","type","epic_id","epic_name","sprint","status","priority","story_points","role","want","so_that","description","acceptance_criteria","dependencies","technical_notes","invest","labels"
"US-01.01","Initialize Go module and hexagonal project layout","Story","E1","Project Bootstrap and Foundations","S1","To Do","Medium","2","implementer","a properly structured Go module with the hexagonal architecture layout","all subsequent code follows clean architecture principles from day one","Create the Go module with the appropriate module path, establish the `internal/domain`, `internal/application`, `internal/ports`, `internal/adapters/inbound`, `internal/adapters/outbound`, and `cmd/opengate` directories with placeholder files, and verify that the empty project compiles. Add the `go.mod` and `go.sum` files. The work establishes the package boundaries that all subsequent stories rely on.","1. Given a fresh clone, When `go build ./...` is run, Then the build succeeds with no errors.
2. Given the project root, When `tree internal/` is run, Then the output shows the hexagonal layout with `domain`, `application`, `ports`, and `adapters` directories.
3. Given the project root, When `go mod verify` is run, Then the output reports the module's dependencies as verified.","","The layout is specified in System Design section seven. The module path is `github.com/JelenaMarjanovic/opengate`.","Independent (no dependencies). Negotiable (layout details can be adjusted in planning). Valuable (foundation for all subsequent work). Estimable (calibrated as the reference). Small (fits in two points). Testable (build commands serve as tests).","E1,S1"
"US-01.02","Configure development tooling and static analysis","Story","E1","Project Bootstrap and Foundations","S1","To Do","Medium","2","implementer","the linting and static analysis tools configured at the project level","code quality is enforced automatically rather than relying on manual review","Add configuration files for `golangci-lint` with the project's selected linter set (including `gosec`, `staticcheck`, `errcheck`, `revive`, `gofmt`, and the standard set), set up `pre-commit` hooks that run `gofmt` and `go vet` on staged files, and add a `Makefile` with targets for `lint`, `test`, and `build`. The tooling becomes part of the Definition of Done from this point forward.","1. Given the project root, When `make lint` is run, Then golangci-lint executes successfully and reports no issues on the initial codebase.
2. Given a deliberately malformed Go file, When `pre-commit` runs on staged changes, Then the malformed file fails the formatting check and the commit is rejected.
3. Given the Makefile, When `make help` is run, Then the output lists `lint`, `test`, `build`, and other available targets with brief descriptions.","US-01.01","The full golangci-lint configuration includes the linter selection appropriate for a hexagonal Go project. The pre-commit framework is the standard `pre-commit/pre-commit` tool.","All criteria satisfied.","E1,S1"
"US-01.03","Set up Docker Compose stack with Postgres and observability","Story","E1","Project Bootstrap and Foundations","S1","To Do","Medium","5","implementer","a Docker Compose configuration that brings up Postgres, the OTel collector, Tempo, Prometheus, and Grafana","local development and demo runs use the same environment","Create a `docker-compose.yml` file with services for `postgres`, `otel-collector`, `tempo`, `prometheus`, `grafana`, and `caddy` (the reverse proxy). Configure named volumes for the data-bearing services. Configure the OTel collector to receive OTLP gRPC on port 4317 and to forward traces to Tempo and metrics to Prometheus. Configure Grafana with the Tempo and Prometheus data sources auto-provisioned.","1. Given a fresh checkout, When `docker compose up -d` is run, Then all containers reach the running state within sixty seconds.
2. Given the running stack, When a browser visits the Grafana URL, Then the Grafana home page loads and the Tempo and Prometheus data sources are listed as connected.
3. Given the running stack, When the Postgres health check is queried, Then it reports healthy and accepts connections on port 5432 from within the Docker network.","US-01.01","The deployment topology is specified in System Architecture section seven. The Caddy configuration handles TLS termination and routes `/api/`, `/grafana/`, and `/` paths.","All criteria satisfied.","E1,S1"
"US-01.04","Integrate goose migration framework with embedded files","Story","E1","Project Bootstrap and Foundations","S1","To Do","Medium","3","implementer","goose integrated as a subcommand of the OpenGate binary with migration files embedded via `go:embed`","schema migrations ship with the binary and require no external files at deployment time","Add the `pressly/goose/v3` dependency, create the `cmd/opengate/migrate.go` file with the subcommand wrapper, configure `go:embed` to include the migrations directory, and add the first migration file that creates the `opengate_app` and `opengate_bypass` roles per Database Schema section thirteen.","1. Given a fresh database, When `opengate migrate up` is run, Then the goose_db_version table is created and the role migration is applied.
2. Given an applied migration, When `opengate migrate down` is run, Then the role migration is reversed and the database returns to its pre-migration state.
3. Given the binary, When the binary is built without the migrations directory in the filesystem, Then `opengate migrate status` still reports the embedded migrations as available.","US-01.01","The goose integration pattern is specified in Database Schema section three. The embedded filesystem uses Go's standard `embed` package.","All criteria satisfied.","E1,S1"
"US-01.05","Set up CI workflow with build, lint, and test","Story","E1","Project Bootstrap and Foundations","S2","To Do","Medium","3","implementer","a CI workflow that runs build, lint, and test on every push","regressions are caught automatically before they reach the main branch","Add a GitHub Actions workflow (assuming the repository is hosted on GitHub for portfolio purposes) that runs on every push and pull request. The workflow installs Go, runs `make lint`, runs `make test` against a Postgres service container, and uploads test coverage reports. The workflow is the substrate for the Definition of Done criterion that requires code to pass automated checks.","1. Given a push to a branch, When the CI workflow runs, Then the build, lint, and test stages all complete successfully on the initial codebase.
2. Given a deliberate test failure introduced in a test branch, When the CI workflow runs, Then the workflow fails and the failure annotation identifies the failing test.
3. Given a successful workflow run, When the coverage report is inspected, Then it reports the test coverage percentage across the codebase.","US-01.01, US-01.02","The workflow uses the `services` keyword to bring up a Postgres container for integration tests. Go version follows the latest stable release as specified in the PRD.","All criteria satisfied.","E1,S2"
"US-01.06","Configure structured logging and error wrapping conventions","Story","E1","Project Bootstrap and Foundations","S2","To Do","Medium","2","implementer","`log/slog`-based structured logging and consistent error wrapping in place from the start","observability and error handling are uniform across the codebase","Configure the standard library `log/slog` logger to emit JSON-formatted records to stdout at the level configured by the `LOG_LEVEL` environment variable. Establish the convention that all errors returned from adapters wrap their underlying cause via `fmt.Errorf(""%w"", err)`, and that all errors returned from use cases are domain sentinels. Add a small logging helper that extracts the trace identifier and tenant identifier from the request context and includes them in log records.","1. Given a log statement at info level, When the application runs with `LOG_LEVEL=INFO`, Then the log record appears in stdout as a JSON object with timestamp, level, and message fields.
2. Given a wrapped error chain three levels deep, When the chain is inspected with `errors.Is` against a sentinel, Then the sentinel is correctly identified.
3. Given a request with a tenant context and an active span, When a log statement is emitted within that context, Then the log record includes the tenant identifier and the trace identifier.","US-01.01","The logging conventions are specified in System Design section eight. The error wrapping conventions are specified in System Design section seven.","All criteria satisfied.

**Epic E1 total: 17 story points.**","E1,S2"
"US-02.01","Implement tenant aggregate and bootstrap CLI","Story","E2","Tenant and Identity Domain","S2","To Do","Medium","3","operator","to bootstrap a new OpenGate tenant via the CLI with the first owner user","the deployment is usable immediately after migration without requiring a self-service signup flow that this version does not provide","Create the `tenants` and `users` table migrations per Database Schema sections 5.1 and 5.2, implement the tenant and user aggregates per System Design section eleven, and add the `bootstrap` subcommand to the OpenGate binary. The subcommand reads `OPENGATE_BOOTSTRAP_TENANT_NAME`, `OPENGATE_BOOTSTRAP_OWNER_EMAIL`, and `OPENGATE_BOOTSTRAP_OWNER_PASSWORD` from the environment and creates the records in a single transaction.","1. Given the environment variables are set, When `opengate bootstrap` is run, Then a tenant row and a user row are inserted into Postgres atomically.
2. Given a missing environment variable, When `opengate bootstrap` is run, Then the command exits with a non-zero status and a clear error message identifying the missing variable.
3. Given an existing tenant with the same name, When `opengate bootstrap` is run, Then the command exits with a non-zero status without modifying the database.","US-01.04","The bootstrap uses the `opengate_bypass` role to circumvent RLS. The password is hashed with Argon2id using the parameters from System Design section nine.","All criteria satisfied.","E2,S2"
"US-02.02","Implement password hashing with Argon2id","Story","E2","Tenant and Identity Domain","S2","To Do","Medium","2","implementer","a reusable password hashing module that uses Argon2id with the OWASP-recommended parameters","user passwords are stored securely and the parameters can evolve over time without breaking existing hashes","Create `internal/auth/password.go` with `HashPassword(plaintext string) (string, error)` and `VerifyPassword(plaintext, phc string) (rehash bool, err error)` functions. The hash output is PHC-formatted including the parameters used to produce it. The verify function returns a rehash flag indicating that the stored hash uses outdated parameters and should be replaced on successful verification.","1. Given a plaintext password, When `HashPassword` is called, Then it returns a PHC-formatted string of the form `$argon2id$v=19$m=65536,t=3,p=4$<salt>$<hash>`.
2. Given a valid PHC hash and the correct plaintext, When `VerifyPassword` is called, Then it returns no error and the rehash flag is false.
3. Given a valid PHC hash with outdated parameters, When `VerifyPassword` is called with the correct plaintext, Then it returns no error and the rehash flag is true.
4. Given a valid PHC hash and a wrong plaintext, When `VerifyPassword` is called, Then it returns an error that satisfies `errors.Is(err, ErrPasswordMismatch)`.","US-01.01","The Argon2id parameters are specified in System Design section nine. The implementation uses `golang.org/x/crypto/argon2`.","All criteria satisfied.","E2,S2"
"US-02.03","Implement session creation, validation, and cleanup","Story","E2","Tenant and Identity Domain","S3","To Do","Medium","5","administrator","to log in to the dashboard and have my session validated on subsequent requests","I do not have to re-authenticate on every action and so that my session expires after inactivity for security","Create the `sessions` table migration per Database Schema section 5.3 and implement the session use case that handles login, session lookup, session refresh on activity, and explicit logout. Add the session middleware that intercepts inbound HTTP requests, extracts the session cookie, looks up the session in the database, and either populates the request context or returns 401 Unauthorized.","1. Given valid credentials for an active user, When POST `/api/v1/auth/login` is called, Then the response is 200 OK with a Set-Cookie header containing the session token, and a row is inserted into the sessions table.
2. Given an expired session cookie, When any authenticated endpoint is called, Then the response is 401 Unauthorized and the session row's last_seen_at is not updated.
3. Given a valid active session, When any authenticated endpoint is called, Then the response is processed normally and the session row's last_seen_at is updated to the current time.
4. Given an active session, When POST `/api/v1/auth/logout` is called, Then the response is 204 No Content and the session row is deleted.","US-02.01, US-02.02","Session token generation, hashing, and cookie attributes are specified in System Design section nine. The session middleware is part of the chi middleware stack.","All criteria satisfied.","E2,S3"
"US-02.04","Implement Casbin authorization adapter and middleware","Story","E2","Tenant and Identity Domain","S3","To Do","Medium","5","tenant owner","role-based authorization enforced on every API endpoint","a manager cannot perform owner-only operations and an auditor cannot perform write operations","Create the `casbin_rules` table migration per Database Schema section 5.6 with the seed rules for owner, manager, and auditor roles. Implement the Casbin authorizer adapter that loads the policy from the database at startup, caches it in memory, refreshes it every thirty seconds, and exposes an `Enforce(role, resource, action)` method. Add the authorization middleware that runs after the session middleware and checks the requested operation against the authenticated session's role.","1. Given an auditor-role session, When PUT `/api/v1/tenants/{t}/members/{m}` is called, Then the response is 403 Forbidden with a Problem Details body.
2. Given an owner-role session, When the same endpoint is called with valid payload, Then the response is processed normally.
3. Given a Casbin policy change applied via a migration, When the authorizer's refresh interval elapses, Then the new policy is in effect without requiring application restart.","US-02.03","The Casbin adapter pattern is specified in System Design section eleven. The model file (`config/rbac_model.conf`) is part of the migration's deliverables.","All criteria satisfied.","E2,S3"
"US-02.05","Implement Postgres connection pool with tenant binding hook","Story","E2","Tenant and Identity Domain","S3","To Do","Medium","3","implementer","the Postgres connection pool to set the `app.current_tenant_id` session variable on every connection checkout based on the request context","the Row-Level Security policies enforce tenant isolation at the database layer","Create `internal/adapters/outbound/postgres/pool.go` with the pgx pool configuration including the AfterAcquire and BeforeRelease hooks per System Design section ten. Add the BYPASSRLS pool variant for the bootstrap CLI and the export job. Verify the dual-layer isolation by adding the test described in System Design section ten.","1. Given a request with tenant A in context, When a query against `members_view` is issued, Then only members belonging to tenant A are returned.
2. Given a request with no tenant in context, When a query against any tenant-scoped table is issued, Then the query returns zero rows and the application logs a warning identifying the missing tenant context.
3. Given the BYPASSRLS connection pool, When the same query is issued, Then rows from all tenants are returned, confirming that the bypass mechanism works for operator-level paths.","US-02.01, US-01.04","The pool configuration is specified in System Design section ten. The verification test is the contract test pattern from System Design section seven.","All criteria satisfied.","E2,S3"
"US-02.06","Enable RLS on initial tables and verify isolation","Story","E2","Tenant and Identity Domain","S4","To Do","Medium","2","implementer","Row-Level Security enabled and the tenant_isolation policy created on every tenant-scoped table introduced so far","the second isolation layer is in effect from the moment data is first written","Create the migration that enables RLS and creates the `tenant_isolation` policies per Database Schema section thirteen for the tables created so far (`tenants`, `users`, `sessions`). The policies for the remaining tables are created in their respective epics. Verify the policy with the test from US-02.05/AC-1 and AC-2.","1. Given the migration is applied, When the table is queried with `pg_policies`, Then the `tenant_isolation` policy is listed on each of `tenants`, `users`, and `sessions`.
2. Given a connection bound to tenant A, When `SELECT * FROM users WHERE tenant_id = '<tenant_b_uuid>'` is executed, Then zero rows are returned regardless of the explicit filter.
3. Given the migration is rolled back, When the policies are queried, Then no `tenant_isolation` policies remain on the affected tables.","US-02.05","The RLS policy definitions are in Database Schema section thirteen.","All criteria satisfied.

**Epic E2 total: 20 story points.**","E2,S4"
"US-03.01","Create events table and projection_progress table","Story","E3","Event Store and Projection Infrastructure","S4","To Do","Medium","2","implementer","the events and projection_progress tables created with their full schema","aggregates can persist their state changes and projectors can track their consumed position","Create the migrations for the `events` table (Database Schema section 6.1) and the `projection_progress` table (Database Schema section 6.2), including the `events_stream_position_seq` sequence and all indexes. Enable RLS on `events` and add the `tenant_isolation` policy.","1. Given the migrations are applied, When the tables are queried with `\d events` in psql, Then all columns, indexes, and constraints from the design are present.
2. Given the sequence exists, When `SELECT nextval('events_stream_position_seq')` is called twice, Then the second call returns a value one greater than the first.
3. Given an attempt to insert two events with the same `(aggregate_id, sequence)`, Then the second insert fails with a unique constraint violation.","US-02.06","The migration includes the `events_stream_position_idx`, `events_tenant_occurred_at_idx`, and `events_tenant_type_occurred_at_idx` indexes from Database Schema section 6.1.","All criteria satisfied.","E3,S4"
"US-03.02","Define EventStore port and domain event types","Story","E3","Event Store and Projection Infrastructure","S4","To Do","Medium","2","implementer","the `EventStore` port interface and the `Event` and `EventMetadata` domain types defined","use cases can be written against the port and the type system enforces correct usage","Create `internal/ports/outbound/event_store.go` with the `EventStore` interface (Append, Load, ReadAfterPosition, ReadByTenantAndTimeRange) per System Design section two. Create `internal/domain/events/event.go` with the `Event` and `EventMetadata` structs. Add the sentinel errors `ErrConcurrencyConflict` and `ErrEventNotFound`.","1. Given the port interface is defined, When a use case imports it, Then the import resolves without circular dependency.
2. Given the Event struct, When an event is serialized with `encoding/json`, Then the result is a stable JSON object with the field names from the design.
3. Given the sentinel errors, When `errors.Is(err, ErrConcurrencyConflict)` is called, Then it returns true for any wrapped instance of the sentinel.","US-01.01","The interface signatures are specified in System Design section two with code excerpts that serve as the canonical shape.","All criteria satisfied.","E3,S4"
"US-03.03","Implement PostgresEventStore adapter with concurrency control","Story","E3","Event Store and Projection Infrastructure","S4","To Do","Medium","5","implementer","the Postgres adapter implementation of the `EventStore` port with optimistic concurrency control on append","the event store enforces the sequence-monotonicity invariant at the database level","Implement `internal/adapters/outbound/postgres/event_store.go` with all four methods of the `EventStore` port. The `Append` method uses a single SQL statement with the unique constraint on `(aggregate_id, sequence)` to enforce concurrency control; a unique constraint violation is translated into `ErrConcurrencyConflict`. The `Load`, `ReadAfterPosition`, and `ReadByTenantAndTimeRange` methods use sqlc-generated queries.","1. Given an empty events table, When `Append` is called with two events for the same aggregate, Then both events are persisted with sequences 1 and 2.
2. Given an event at sequence 1 exists, When `Append` is called with `expectedSequence = 0` (stale read), Then the call returns `ErrConcurrencyConflict`.
3. Given fifty events for an aggregate, When `Load` is called for that aggregate, Then all fifty events are returned in sequence order.
4. Given the contract test suite, When the in-memory and Postgres adapters are tested against the same suite, Then both pass all tests.","US-03.01, US-03.02","The implementation pattern is specified in System Design section two. The sqlc queries are in `internal/adapters/outbound/postgres/queries/events.sql`.","All criteria satisfied.","E3,S4"
"US-03.04","Integrate River job queue with trace context propagation","Story","E3","Event Store and Projection Infrastructure","S5","To Do","Medium","5","implementer","the River job queue integrated with the application","background jobs (projectors, webhook delivery, exports, cleanup) can be enqueued and processed","Add the River dependency, create the worker-mode binary subcommand, define the `JobEnqueuer` port and its River-backed adapter, implement trace context serialization into job arguments and deserialization on worker pickup, and wire the worker pool startup into the application lifecycle.","1. Given a job is enqueued within a transaction, When the transaction commits, Then the job appears in the River queue and is processed by a worker.
2. Given the transaction is rolled back, When the worker pool is inspected, Then the job is not present (transactional outbox semantics).
3. Given a job whose arguments include a trace context, When the worker processes the job, Then the worker's span is a child of the originating span as verified in Tempo.","US-03.01, US-01.06","The River integration pattern is specified in System Design section six. Trace context propagation is specified in the same section.","All criteria satisfied.","E3,S5"
"US-03.05","Implement projection framework with advisory-lock coordination","Story","E3","Event Store and Projection Infrastructure","S5","To Do","Medium","5","implementer","a projection framework that runs projector jobs as singletons coordinated by advisory locks","read models are materialized exactly once per event regardless of how many worker instances are running","Create `internal/application/projector/projector.go` with the projector job kind, the per-projector batch processing loop, the advisory-lock acquisition keyed on `projector.<name>`, and the watermark update within the same transaction as the read model updates. Add the projection-lag metric `opengate_projection_lag_seconds` per System Design section three.","1. Given two worker instances are running with the same projector job kind, When the projector job is scheduled, Then exactly one worker processes events at any moment, verified by the advisory lock holder.
2. Given the projector processes a batch and crashes before commit, When the next iteration runs, Then the same batch is re-processed (the watermark was not advanced).
3. Given the projector has processed events up to position P, When the projection-lag metric is queried, Then the metric value equals `now() - last_event_at` for the projector.","US-03.04, US-02.05","The advisory-lock pattern is specified in System Design section five. The projector job structure is in System Design section six.","All criteria satisfied.","E3,S5"
"US-03.06","Implement three idempotency cache tables and middleware","Story","E3","Event Store and Projection Infrastructure","S5","To Do","Medium","5","API consumer (dashboard or reader)","idempotency-key support on every mutating endpoint","I can safely retry requests without producing duplicate side effects","Create the three idempotency cache tables (`command_idempotency_keys`, `decision_idempotency_keys`, `reconciliation_idempotency_keys`) per Database Schema section seven. Implement the idempotency middleware for command-level and decision-level keys per System Design section four. Add the cleanup River job that runs every five minutes.","1. Given an `Idempotency-Key` header is present, When the same request is retried with the same key and same body, Then the cached response is returned and the handler is not re-invoked.
2. Given an `Idempotency-Key` header is present with the same key but a different body, When the request is processed, Then the response is 409 Conflict with a Problem Details body.
3. Given an idempotency key older than ten minutes, When the cleanup job runs, Then the key is deleted from the table.","US-03.05","The three idempotency variants are specified in System Design section four. The cleanup job kind is `cleanup.idempotency_keys`.","All criteria satisfied.

**Epic E3 total: 24 story points.**","E3,S5"
"US-04.01","Implement member aggregate, events, and command handlers","Story","E4","Member and Credential Domain","S6","To Do","Medium","5","administrator","to create, update, and transition the status of members in my tenant","I can manage who is enrolled at my gym","Create the member aggregate per System Design section twelve, define the `member.created.v1`, `member.identity_updated.v1`, and `member.status_transitioned.v1` event types, implement the three command handlers, and add the synchronous projection to the `members_view` read model within the command transaction. Create the `members_view` table migration per Database Schema section 8.1.","1. Given an authenticated owner session, When POST `/api/v1/tenants/{t}/members` is called with valid payload, Then a member.created.v1 event is appended, a members_view row is inserted, and the response is 201 Created.
2. Given an existing member, When PATCH `/api/v1/tenants/{t}/members/{m}` is called with a name change, Then a member.identity_updated.v1 event is appended and the members_view row is updated.
3. Given an active member, When POST `/api/v1/tenants/{t}/members/{m}/transition` is called with target status `suspended`, Then a member.status_transitioned.v1 event is appended and the read model reflects the new status.
4. Given an expired member, When the transition endpoint is called with target status `suspended`, Then the response is 422 Unprocessable Entity (invalid state transition).","US-03.03, US-02.06","Member aggregate invariants are in System Design section twelve. The members_view synchronous projection is specified in System Design section three.","All criteria satisfied.","E4,S6"
"US-04.02","Implement member list and detail queries with search","Story","E4","Member and Credential Domain","S6","To Do","Medium","3","administrator","to list, search, and view members in my tenant","I can find specific members and review their details from the dashboard","Implement the query use cases for member list (paginated, filterable by status), member search (substring match on name and email via trigram index), and member detail (full member record plus associated credentials and recent access events count). Add the `pg_trgm` extension migration and the trigram indexes per Database Schema section 8.1.","1. Given fifty members exist, When GET `/api/v1/tenants/{t}/members?limit=20` is called, Then the response contains twenty members and a cursor for the next page.
2. Given a member named ""Marko Petrović"", When GET `/api/v1/tenants/{t}/members?q=marko` is called, Then the response includes the member regardless of case.
3. Given a member ID, When GET `/api/v1/tenants/{t}/members/{m}` is called, Then the response includes the member's full record, the count of their credentials, and the count of their access events in the last thirty days.","US-04.01","The trigram search pattern is specified in System Design section twelve. Pagination uses keyset cursors per the convention from Database Schema section ten.","All criteria satisfied.","E4,S6"
"US-04.03","Implement credentials_view and credential aggregate","Story","E4","Member and Credential Domain","S6","To Do","Medium","5","administrator","to issue and revoke credentials for members","I can grant physical access to enrolled members and remove it when needed","Create the `credentials_view` table migration per Database Schema section 8.2, implement the credential aggregate with events `credential.issued.v1`, `credential.activated.v1`, `credential.revoked.v1`, and `credential.expired.v1`, and implement the issuance and revocation command handlers. The issuance handler supports both administrator-provided identifier and backend-generated identifier modes.","1. Given an active member, When POST `/api/v1/tenants/{t}/members/{m}/credentials` is called with an explicit identifier, Then a credential.issued.v1 event is appended and the credentials_view row is inserted with status `active`.
2. Given an active credential, When POST `/api/v1/tenants/{t}/credentials/{c}/revoke` is called, Then a credential.revoked.v1 event is appended, the credentials_view status is `revoked`, and the revoked_at timestamp is populated within the same transaction.
3. Given a revoked credential, When the revoke endpoint is called again, Then the response is 409 Conflict (idempotent operation, but the second call's semantics are not a fresh revocation).","US-04.01","The credentials_view is synchronously projected per System Design section three. The aggregate invariants include the rule that a revoked credential cannot be reactivated.","All criteria satisfied.","E4,S6"
"US-04.04","Implement backend-generated credential identifier with advisory lock","Story","E4","Member and Credential Domain","S6","To Do","Medium","3","administrator performing bulk enrollment","the backend to generate credential identifiers for me when I do not have physical cards to scan","I can issue many credentials without scanning each one","Extend the credential issuance command to support backend-generated identifiers via the advisory-lock-protected critical section keyed on `credential.generate:<tenant_id>` per System Design section thirteen. The generator finds the highest existing credential identifier suffix in the tenant, increments it, and produces a new identifier.","1. Given a tenant with one hundred existing credentials, When the generation endpoint is called, Then a new credential is issued with an identifier whose suffix is one greater than the highest existing.
2. Given two concurrent requests for backend-generated credentials, When both are processed, Then they receive different identifiers (the advisory lock serializes the critical section).
3. Given a tenant with no credentials yet, When the generation endpoint is called, Then the new credential's identifier has suffix 1.","US-04.03","The advisory lock pattern is in System Design section five. The integer wrapping behavior for the generated identifier prefix follows the System Design specification.","All criteria satisfied.

**Epic E4 total: 16 story points.**","E4,S6"
"US-05.01","Implement door aggregate and doors_view","Story","E5","Access Policy and Door Domain","S7","To Do","Medium","3","administrator","to create and configure doors in my tenant","I can model the physical entry points of my gym","Create the `doors_view` table migration per Database Schema section 9.2, implement the door aggregate with events `door.created.v1`, `door.config_updated.v1`, and `door.status_changed.v1`, and implement the door management command handlers.","1. Given an authenticated owner, When POST `/api/v1/tenants/{t}/doors` is called with valid payload, Then a door.created.v1 event is appended and the doors_view row is inserted with status `offline`.
2. Given an existing door, When PATCH `/api/v1/tenants/{t}/doors/{d}` is called with a name change, Then a door.config_updated.v1 event is appended and the read model is updated.
3. Given a duplicate door name within the tenant, When the create endpoint is called, Then the response is 422 Unprocessable Entity.","US-04.01","The doors_view is synchronously projected because the access decision uses it. The door status transitions are driven by heartbeat events handled in E7.","All criteria satisfied.","E5,S7"
"US-05.02","Implement policy aggregate with decomposed read model","Story","E5","Access Policy and Door Domain","S7","To Do","Medium","5","administrator","to create and configure access policies with door coverage and time windows","I can define when members are allowed to access specific doors","Create the migrations for `policies_view`, `policy_doors_view`, `policy_time_windows_view`, and `policy_assignments_view` per Database Schema section 9.1. Implement the policy aggregate with events for policy creation, door-coverage modification, time-window modification, member assignment, and member unassignment. Implement the policy management command handlers.","1. Given an authenticated owner, When POST `/api/v1/tenants/{t}/policies` is called with a name, door list, and time windows, Then the events are appended and all four read model tables are populated within the transaction.
2. Given an existing policy, When PUT `/api/v1/tenants/{t}/policies/{p}/assignments` is called with a member list, Then the policy_assignments_view is updated to match.
3. Given a time window with `start_time` ≥ `end_time`, When the create endpoint is called, Then the response is 422 Unprocessable Entity (the constraint forbids midnight-crossing windows in this version).","US-05.01, US-04.01","The policy decomposition is specified in Database Schema section 9.1. The weekdays bitmask convention is specified in the same section.","All criteria satisfied.","E5,S7"
"US-05.03","Implement DecisionEvaluator domain service","Story","E5","Access Policy and Door Domain","S7","To Do","Medium","3","implementer","a pure-function `DecisionEvaluator` that takes member, credential, policies, door, and current time and returns a decision with reason code","the access decision logic is isolated and testable","Create `internal/domain/access/evaluator.go` with the `DecisionEvaluator` struct and its `Evaluate` method. The method implements the algorithm specified in System Design section fourteen: check credential validity, check member status, evaluate each assigned policy's door coverage and time windows, and return grant if any policy covers the door at the current time-of-day in the tenant's timezone.","1. Given a member with an active credential and a policy covering the door at the current time, When `Evaluate` is called, Then the result is `{Decision: grant, ReasonCode: granted}`.
2. Given a revoked credential, When `Evaluate` is called, Then the result is `{Decision: deny, ReasonCode: deny_revoked_credential}` regardless of policy state.
3. Given a policy with a time window 09:00-17:00 on weekdays and the current time is Saturday 12:00, When `Evaluate` is called, Then the result is `{Decision: deny, ReasonCode: deny_outside_policy_window}`.
4. Given a member with no policies covering the door, When `Evaluate` is called, Then the result is `{Decision: deny, ReasonCode: deny_no_policy_covers_door}`.","US-05.02","The algorithm is in System Design section fourteen. The evaluator is a pure function with no I/O, making it trivially testable with table-driven tests.","All criteria satisfied.","E5,S7"
"US-05.04","Implement effective-permissions preview endpoint","Story","E5","Access Policy and Door Domain","S7","To Do","Medium","2","administrator","to see at a glance what doors a specific member can access right now","I can verify their access configuration without making them attempt entry","Implement GET `/api/v1/tenants/{t}/members/{m}/effective-permissions` that returns the list of (door, allowed-now) tuples for the member. The endpoint uses the `DecisionEvaluator` against the member's assigned policies and the current time.","1. Given a member with a policy covering all doors at the current time, When the endpoint is called, Then the response lists every door with `allowed_now: true`.
2. Given a member with no assigned policies, When the endpoint is called, Then the response lists every door with `allowed_now: false`.
3. Given a member with mixed policy coverage, When the endpoint is called, Then the response correctly identifies which doors are currently allowed.","US-05.03","The endpoint is a read-only query that does not write any events; it is the dashboard's debugging aid for administrators.","All criteria satisfied.

**Epic E5 total: 13 story points.**","E5,S7"
"US-06.01","Implement reader API key authentication middleware","Story","E6","Access Authorization Decision Path","S8","To Do","Medium","3","reader client","to authenticate to the OpenGate API using my provisioned API key","the backend can attribute my requests to the correct reader and enforce its scope","Implement the reader authentication middleware that extracts the Bearer token from the Authorization header, looks up the corresponding reader by API key hash with a five-minute in-process cache (per System Design section nine), and populates the request context with the reader's tenant ID and reader ID.","1. Given a valid API key, When a reader endpoint is called, Then the request proceeds with the correct reader context populated.
2. Given an invalid API key, When the endpoint is called, Then the response is 401 Unauthorized.
3. Given an API key was just rotated, When the rotation overlap window is active, Then the endpoint accepts either the old or the new key.","US-02.02","The API key verification cache is specified in System Design section nine. The rotation overlap mechanism uses the `rotation_key_hash` column from Database Schema section 5.4.","All criteria satisfied.","E6,S8"
"US-06.02","Implement readers table and reader provisioning","Story","E6","Access Authorization Decision Path","S8","To Do","Medium","3","administrator","to provision a new reader for a door","I can later connect a physical or simulated reader and have it authenticated against the backend","Create the `readers` table migration per Database Schema section 5.4 and implement the reader provisioning endpoint POST `/api/v1/tenants/{t}/readers`. The endpoint generates a random API key, hashes it with Argon2id, persists the reader record, and returns the plaintext API key in the response (only once; not retrievable later). Provisioning is an administrator action; the reader does not self-provision.","1. Given an authenticated owner, When the provisioning endpoint is called with a valid door reference, Then a reader row is created and the plaintext API key is returned in the response.
2. Given a non-existent door reference, When the provisioning endpoint is called, Then the response is 422 Unprocessable Entity.
3. Given the reader is provisioned, When GET on the same endpoint is called, Then the response does not include the plaintext API key (only the hash existence is acknowledged).","US-05.01","The reader provisioning pattern is implicit in System Design section nine. The plaintext key return is the standard pattern for token-issuing endpoints.","All criteria satisfied.","E6,S8"
"US-06.03","Implement AccessDecision use case with synchronous event write","Story","E6","Access Authorization Decision Path","S8","To Do","Medium","5","reader client","to submit an authentication request and receive a grant or deny decision within fifty milliseconds at p99","I can serve members at the door without perceptible delay","Implement the AccessDecision use case per System Design section sixteen. The use case loads the credential, member, and policies from their read models, evaluates the decision via `DecisionEvaluator`, appends the access-attempted event to the event store, writes the idempotency cache entry, and returns the decision. All persistence operations are in a single transaction.","1. Given a valid credential and an open time-window for the door, When POST `/api/v1/readers/{r}/authenticate` is called, Then the response is 200 OK with `{""decision"": ""grant"", ""reason_code"": ""granted""}` and an access-attempted event is appended.
2. Given a revoked credential, When the endpoint is called, Then the response is `{""decision"": ""deny"", ""reason_code"": ""deny_revoked_credential""}` and an access-attempted event is still appended (deny outcomes are recorded too).
3. Given a benchmark with one hundred concurrent decisions, When the latency distribution is measured, Then the p99 is below fifty milliseconds.
4. Given a retry with the same idempotency key, When the endpoint is called twice with identical payloads, Then the second call returns the cached response without re-evaluating.","US-05.03, US-06.01, US-03.06","The full decision sequence is in System Design section sixteen. The performance budget breakdown is in the same section.","All criteria satisfied.","E6,S8"
"US-06.04","Add OpenTelemetry instrumentation on decision path","Story","E6","Access Authorization Decision Path","S8","To Do","Medium","2","operator","the access decision path fully instrumented with OpenTelemetry spans and metrics","I can observe decision latency and outcomes through Grafana","Add the span `command.authenticate_access` wrapping the decision use case with the attributes from System Design section eight (`opengate.decision`, `opengate.decision_reason`, `opengate.credential_id`, `opengate.door_id`, `opengate.member_id`). Emit the `opengate_decision_duration_seconds` histogram labeled by outcome.","1. Given an access decision is processed, When Tempo is queried for the trace, Then the span tree includes the command span, the read model query spans, the evaluator span (sub-millisecond), and the event store append span.
2. Given a hundred decisions of varying outcomes, When Prometheus is queried for `opengate_decision_duration_seconds`, Then the histogram has buckets populated for both grant and deny outcomes.
3. Given a denied decision, When the corresponding span is inspected, Then the `opengate.decision_reason` attribute matches the reason code in the response.","US-06.03","The OTel conventions are in System Design section eight. The metric naming follows the same section.","All criteria satisfied.

**Epic E6 total: 13 story points.**","E6,S8"
"US-07.01","Implement ReaderNotifier port and pg LISTEN/NOTIFY adapter","Story","E7","Reader Operations and SSE Push","S9","To Do","Medium","3","implementer","a `ReaderNotifier` port whose Postgres adapter writes to the `opengate_reader_events` LISTEN channel","use cases can notify readers without coupling to the SSE transport","Create `internal/ports/outbound/reader_notifier.go` and `internal/adapters/outbound/postgres/reader_notifier.go`. The adapter wraps `NOTIFY opengate_reader_events, '<json_payload>'` within the originating transaction. The notification fires on transaction commit; uncommitted notifications are discarded automatically.","1. Given the adapter is called within a transaction, When the transaction commits, Then a LISTEN-ing connection in another session receives the notification.
2. Given the adapter is called within a transaction that is rolled back, When the same LISTEN-ing connection is inspected, Then no notification is received.
3. Given a notification with a tenant filter and a reader ID, When the listener filters by reader ID, Then only notifications for that reader pass through.","US-06.02","The pattern is specified in System Architecture section eight and System Design section fifteen.","All criteria satisfied.","E7,S9"
"US-07.02","Implement SSE push server endpoint","Story","E7","Reader Operations and SSE Push","S9","To Do","Medium","5","reader client","to open a long-lived SSE stream to the OpenGate API and receive credential and policy updates as they happen","my local cache stays current during online operation","Implement GET `/api/v1/readers/{r}/stream` with the SSE protocol: set the appropriate headers, open a LISTEN on `opengate_reader_events`, filter notifications by the authenticated reader's ID, and write SSE events to the response writer. The endpoint supports `Last-Event-Id` header for resume after disconnection.","1. Given an authenticated reader opens the stream, When a credential.revoked.v1 event is produced for that reader's tenant, Then the reader receives an SSE event of type `credential.revoked` within five hundred milliseconds.
2. Given the reader disconnects and reconnects with `Last-Event-Id: 100`, When events with stream position greater than 100 exist, Then the reader receives them in order on the new connection.
3. Given the keepalive interval (thirty seconds) elapses without other events, When the stream is inspected, Then a `keepalive` event has been written to prevent proxy timeout.","US-07.01, US-06.01","The SSE implementation details are in System Design section fifteen. The Last-Event-Id resumption is the standard EventSource behavior.","All criteria satisfied.","E7,S9"
"US-07.03","Implement reader heartbeat endpoint and door status transitions","Story","E7","Reader Operations and SSE Push","S9","To Do","Medium","3","reader client","to send periodic heartbeats to the backend","the dashboard reflects my reader as online or detects when I have gone offline","Implement POST `/api/v1/readers/{r}/heartbeat` that updates the `readers.last_seen_at`, updates the `doors_view.last_heartbeat_at` for the reader's door, and computes any status transition (online → degraded → offline based on threshold elapsed since last heartbeat). Status transitions emit `door.status_changed.v1` events.","1. Given a reader sends a heartbeat, When the heartbeat endpoint returns 204, Then the door's status is `online` and the `last_heartbeat_at` matches the request time.
2. Given a reader has not sent a heartbeat for sixty seconds, When the door status checker job runs, Then the door's status transitions to `offline` and a `door.status_changed.v1` event is appended.
3. Given the door was offline and a heartbeat arrives, When the heartbeat endpoint processes it, Then the door's status transitions to `online` and the corresponding event is appended.","US-07.02, US-06.02","The status transition thresholds are configurable; defaults are in System Architecture section eight. The status checker is a periodic River job.","All criteria satisfied.

**Epic E7 total: 11 story points.**","E7,S9"
"US-08.01","Implement Reconciliation use case with composite-key dedup","Story","E8","Offline Reconciliation","S9","To Do","Medium","5","reader that was offline","to submit my accumulated access events to the backend on reconnection","my offline decisions are recorded in the audit log without duplication regardless of retries","Create the `reconciliation_idempotency_keys` table migration per Database Schema section 7.3 and implement POST `/api/v1/readers/{r}/events` that accepts a batch of local access events, deduplicates each by composite key `(reader_id, sequence_no)`, and appends the new ones as `access.attempted_offline.v1` events. Each event is processed in its own transaction so that a single bad event does not abort the batch.","1. Given an empty idempotency table, When the endpoint is called with three local events, Then three `access.attempted_offline.v1` events are appended and three reconciliation_idempotency_keys rows are inserted.
2. Given the same batch is submitted again, When the endpoint is called, Then no new events are appended and the response indicates three duplicates and zero new.
3. Given a batch with two new events and one already-seen, When the endpoint is called, Then two events are appended and the response indicates one duplicate and two new.","US-06.03","The reconciliation idempotency variant is specified in System Design section four. The per-event transaction pattern is in System Design section seventeen.","All criteria satisfied.

**Epic E8 total: 5 story points.**","E8,S9"
"US-09.01","Implement audit_log_view projector","Story","E9","Audit Log and Compliance Queries","S10","To Do","Medium","5","auditor","access events to appear in the audit log within seconds of occurring","compliance reviews use timely data","Create the `audit_log_view` table migration per Database Schema section ten and implement the `projector.audit_log` River job that consumes access-attempted and access-attempted-offline events and writes denormalized rows. The projector resolves the member name and door name from their respective read models at projection time.","1. Given an access-attempted event is appended, When the projector iteration runs, Then a corresponding audit_log_view row is inserted with the member name and door name denormalized.
2. Given the projection lag metric is queried during normal operation, When the value is inspected, Then it is below five seconds.
3. Given a member is renamed, When subsequent audit projections run, Then historical audit_log_view rows for that member are updated to the new name (the projector handles member-renamed events).","US-04.02, US-05.01, US-06.03","The audit_log_view schema with all indexes is in Database Schema section ten. The projector follows the framework from US-03.05.","All criteria satisfied.","E9,S10"
"US-09.02","Implement audit search query with keyset pagination","Story","E9","Audit Log and Compliance Queries","S10","To Do","Medium","5","auditor","to search the audit log with multiple filters and paginate efficiently through results","I can investigate access patterns over arbitrary time ranges","Implement GET `/api/v1/tenants/{t}/audit` with query parameters for filter dimensions (door IDs, member IDs, decision outcome, reason codes, time range) and a `cursor` parameter for keyset pagination. The endpoint returns up to fifty results per page with a next-page cursor.","1. Given ten thousand audit events exist, When the endpoint is called with `limit=50`, Then the response returns fifty events in reverse chronological order with a next-page cursor.
2. Given the next-page cursor is used in a follow-up request, When the response is inspected, Then the next fifty events follow in order with no overlap with the previous page.
3. Given a query with `door_ids=[D1,D2]&decision=deny`, When the response is inspected, Then all returned events are deny outcomes at doors D1 or D2.
4. Given a query at offset 5000 (via cursor walk), When the latency is measured, Then it is below two hundred milliseconds at p95 (consistent with offset-zero performance).","US-09.01","The keyset pagination pattern is in System Design section eighteen. The indexes in Database Schema section ten support the query patterns.","All criteria satisfied.","E9,S10"
"US-09.03","Implement audit CSV export job","Story","E9","Audit Log and Compliance Queries","S10","To Do","Medium","3","auditor","to export audit query results to CSV","I can include them in compliance reports outside the OpenGate dashboard","Implement POST `/api/v1/tenants/{t}/audit/export` that accepts the same filters as the search query and enqueues a `cleanup.audit_csv_export` River job. The job streams results to a CSV file in the shared download volume and updates `export_status_view` with the file path.","1. Given an export is requested with no filter (all events), When the job runs to completion, Then a CSV file is produced with all matching rows.
2. Given the export status is queried during execution, When the response is inspected, Then it reports `status: running` and progress information.
3. Given the export is complete, When the download URL is requested, Then the file streams to the client with appropriate Content-Disposition.","US-09.02","The export job pattern follows the framework from E3. The shared download volume is part of the Docker Compose configuration from US-01.03.","All criteria satisfied.

**Epic E9 total: 13 story points.**","E9,S10"
"US-10.01","Implement subscriptions table and management endpoints","Story","E10","Webhook Subscriptions and Delivery","S10","To Do","Medium","3","tenant administrator","to create and configure webhook subscriptions","my external systems can receive event notifications","Create the `subscriptions` table migration per Database Schema section 5.5 and implement the subscription CRUD endpoints. Include the secret-rotation mechanism with the overlap window.","1. Given an authenticated manager, When POST `/api/v1/tenants/{t}/subscriptions` is called with a URL and event filter, Then a subscription row is created with a generated secret returned in the response.
2. Given an existing subscription, When the rotate-secret endpoint is called, Then the rotation_secret_hash is populated, the rotation_expires_at is set to 24 hours from now, and the new secret is returned.
3. Given an invalid URL format, When the create endpoint is called, Then the response is 422 Unprocessable Entity.","US-02.04","The subscription schema is in Database Schema section 5.5. The rotation pattern is in System Design section nineteen.","All criteria satisfied.","E10,S10"
"US-10.02","Implement webhook delivery worker with HMAC signing","Story","E10","Webhook Subscriptions and Delivery","S11","To Do","Medium","5","external subscriber","to receive webhook deliveries signed with HMAC-SHA256","I can verify the authenticity of incoming notifications","Implement the `subscription.deliver` River job that loads the subscription and event, constructs the JSON payload with the standard envelope, computes the HMAC signature, makes the HTTP POST request with the appropriate headers, and records the outcome as a `subscription.delivery.attempted` event.","1. Given a matching event is produced, When the delivery worker processes the job, Then an HTTP POST is made to the subscription URL with the `OpenGate-Signature`, `OpenGate-Webhook-Id`, and `Content-Type` headers.
2. Given a valid subscriber that responds with 200 OK, When the worker completes, Then the delivery is recorded as success.
3. Given a subscriber that responds with 500, When the worker completes, Then the job is rescheduled by River with exponential backoff and the failed attempt is recorded.","US-10.01, US-03.04","The signing scheme is in System Architecture section eight. The retry configuration is in System Design section nineteen.","All criteria satisfied.","E10,S11"
"US-10.03","Implement subscription_delivery_view projector and dead-letter view","Story","E10","Webhook Subscriptions and Delivery","S11","To Do","Medium","3","tenant administrator","to inspect failed webhook deliveries in the dashboard","I can troubleshoot subscriber issues","Create the `subscription_delivery_view` table per Database Schema section 11.1 and implement the projector that consumes `subscription.delivery.attempted` events. Implement the dashboard endpoint that lists dead-lettered deliveries with their last-error details.","1. Given a delivery succeeds, When the projector runs, Then the corresponding row in subscription_delivery_view has status `succeeded`.
2. Given a delivery exhausts its retry budget, When the worker dead-letters it, Then the projector updates the row to status `dead_lettered` and the dashboard query returns it.
3. Given an administrator triggers a manual retry, When the retry job runs, Then a new delivery attempt is recorded and a successful retry sets the status back to `succeeded`.","US-10.02","The projector framework is from US-03.05. The dead-letter inspection view is in System Design section nineteen.","All criteria satisfied.

**Epic E10 total: 11 story points.**","E10,S11"
"US-11.01","Implement export_status_view and export initiation endpoint","Story","E11","Tenant Data Export","S11","To Do","Medium","3","tenant owner","to initiate a data export and monitor its progress","I can retrieve my tenant's data when needed","Create the `export_status_view` table per Database Schema section 11.2 and implement POST `/api/v1/tenants/{t}/exports` that creates the export status row and enqueues the `export.run` River job. Also implement GET endpoints for listing exports and getting a download URL.","1. Given an authenticated owner, When the export endpoint is called, Then a row is created with status `pending` and the job is enqueued.
2. Given the job picks up the work, When the status is queried, Then status transitions through `running` to `completed`.
3. Given a completed export, When the download URL is requested, Then the response includes a time-limited URL that streams the archive file.","US-03.04","The export status schema is in Database Schema section 11.2. The job structure is in System Design section twenty.","All criteria satisfied.","E11,S11"
"US-11.02","Implement export job with Ed25519 manifest signing","Story","E11","Tenant Data Export","S11","To Do","Medium","5","tenant owner","my export to be cryptographically signed so that I can prove its integrity","any downstream system can verify the archive has not been tampered with","Implement the export job per System Design section twenty: iterate events with tenant filter, write monthly batches to gzipped JSON files, snapshot read models, capture configuration with secrets redacted, compute SHA-256 checksums, write the manifest, sign with Ed25519, and package as `.tar.gz`. Add the `/.well-known/opengate-signing-key.pub` endpoint to publish the public key.","1. Given an export completes, When the archive is extracted, Then the structure matches the format specified in System Architecture section eight (manifest, events, read-models, config).
2. Given the manifest, When its signature is verified against the published public key using Ed25519, Then verification succeeds.
3. Given any file in the archive is modified, When the manifest checksums are recomputed, Then they no longer match (tampering is detectable).","US-11.01","The archive format is in System Architecture section eight. The signing key loading is in System Design section twenty.","All criteria satisfied.

**Epic E11 total: 8 story points.**","E11,S11"
"US-12.01","Implement simulator binary mode and reader fleet management","Story","E12","Reader Simulator","S11","To Do","Medium","3","demo presenter","to start a configurable number of simulated readers per tenant with a single command","I can demonstrate the system at any scale","Implement the `simulator` subcommand that reads a YAML configuration file specifying tenants and reader counts, provisions each reader if not already provisioned, and starts the simulator goroutines.","1. Given a configuration with two tenants and five readers each, When `opengate simulator --config=demo.yaml` is run, Then ten readers are provisioned and their goroutines are started.
2. Given the simulator is already running and the configuration is unchanged, When the binary is restarted, Then the same readers are reused (the API keys persisted to local volume).
3. Given a SIGTERM is received, When the simulator shuts down, Then all goroutines complete in-flight requests and exit cleanly.","US-06.02","The simulator is run as a separate Docker Compose service per System Architecture section seven.","All criteria satisfied.","E12,S11"
"US-12.02","Implement realistic reader behavior with latency and failures","Story","E12","Reader Simulator","S12","To Do","Medium","5","demo presenter","the simulated readers to produce traffic that resembles real hardware","the dashboard shows the kind of latency, failures, and patterns that would be observed in a real deployment","Implement the reader behavior loop with configurable parameters: authentication request interval (with jitter), simulated network latency (1-20ms), transient failure rate (0.5%), heartbeat interval (30s), online/offline schedule (configurable runs of online and offline durations). Include the local-cache fallback when offline.","1. Given a simulator running for one minute with five readers, When the access decision latency is measured, Then the recorded latencies show realistic jitter.
2. Given a configured failure rate of 0.5%, When the simulator runs for ten thousand requests, Then approximately fifty are transient failures consistent with the rate.
3. Given a reader is in its offline window, When access requests occur, Then they are evaluated against the local cache and accumulated for reconciliation.
4. Given the offline window ends, When the reader reconnects, Then the accumulated events are submitted via the reconciliation endpoint.","US-12.01, US-08.01","The behavior parameters are specified in System Architecture section six.","All criteria satisfied.

**Epic E12 total: 8 story points.**","E12,S12"
"US-13.01","Initialize Next.js 15 project with OpenAPI client generation","Story","E13","Admin Dashboard Frontend","S11","To Do","Medium","3","implementer","the Next.js 15 project initialized with the OpenAPI specification driving the typed API client","the dashboard and the backend share a single source of truth","Initialize the Next.js project with TypeScript, Tailwind, and shadcn-ui. Configure `openapi-typescript` to generate the API client from the OpenAPI specification. Establish the brand palette in the Tailwind configuration with the imperial purple primary, lavender tint secondary, magenta-plum critical, and sage safe colors.","1. Given the Next.js project, When `npm run build` succeeds, Then the production build artifacts are produced without errors.
2. Given the OpenAPI specification, When the client generation runs, Then the generated TypeScript types compile and are importable by dashboard components.
3. Given the Tailwind configuration, When a component uses the `bg-primary` class, Then it renders in the imperial purple color from the brand palette.","US-02.03","The Next.js 15 setup follows the App Router pattern. The shadcn-ui components are themed via the Tailwind config.","All criteria satisfied.","E13,S11"
"US-13.02","Implement login flow and session-aware routing","Story","E13","Admin Dashboard Frontend","S12","To Do","Medium","3","administrator","to log in to the dashboard with my email and password and have my session remembered across reloads","I do not have to re-authenticate frequently","Implement the `/login` page with the form fields, the credential submission to POST `/api/v1/auth/login`, the session cookie handling, and the redirect logic. Add the middleware that intercepts unauthenticated requests to any other route and redirects to login while preserving the original URL.","1. Given a logged-out user, When `/members` is visited, Then the user is redirected to `/login?return_to=/members`.
2. Given valid credentials, When the login form is submitted, Then the user is redirected to the original URL with the session cookie set.
3. Given an expired session detected via 401, When any page is accessed, Then the user is shown a ""session expired"" notice with a re-login link.","US-13.01","The session cookie is HttpOnly so the JavaScript cannot read it; the Next.js middleware uses the cookie's presence as a heuristic and the API call confirms.","All criteria satisfied.","E13,S12"
"US-13.03","Implement Members page with list, search, and detail","Story","E13","Admin Dashboard Frontend","S12","To Do","Medium","5","administrator","to view, search, and inspect members in my tenant through the dashboard","I can manage enrollments","Implement `/members` (list with search) and `/members/[id]` (detail). Use the keyset pagination cursor for the list, with infinite-scroll-style pagination. The detail page shows the member's identity, status history, associated credentials, assigned policies, and recent access events.","1. Given the page is loaded, When the data is fetching, Then a skeleton matching the eventual list shape is shown.
2. Given the data has arrived and there are zero members, When the list renders, Then an empty state with a ""Create your first member"" CTA is shown.
3. Given a member detail page is visited, When the data has loaded, Then all sub-sections (credentials, policies, recent events) render correctly.","US-13.02, US-04.02","The page follows the dashboard touchpoints specified in PFD section three.","All criteria satisfied.","E13,S12"
"US-13.04","Implement Credentials, Doors, and Policies pages","Story","E13","Admin Dashboard Frontend","S12","To Do","Medium","5","administrator","to manage credentials, doors, and policies through the dashboard","I have parity between API capabilities and UI capabilities","Implement the three sets of pages following the same pattern as Members: list with search, detail page, create form, edit form. Include the effective-permissions preview on member detail (from US-05.04).","1. Given the Credentials page, When a credential is revoked, Then the row updates optimistically and a toast notification confirms the action.
2. Given the Policies page, When a new policy is created with three time windows and two doors, Then the policy detail page reflects all four entities correctly.
3. Given the Doors page, When a door's status changes (via heartbeat/timeout), Then the status indicator updates in near-real-time via polling.","US-13.03","Polling for door status uses ten-second intervals per System Architecture section fourteen.","All criteria satisfied.","E13,S12"
"US-13.05","Implement Home page with SSE real-time event feed","Story","E13","Admin Dashboard Frontend","S12","To Do","Medium","5","administrator","to see access events streaming in real time on the dashboard home page","I can monitor activity at a glance","Implement the `/` (Home) page with summary tiles (online doors count, active members count, recent decision rate) and the real-time event feed via Server-Sent Events. The feed shows the most recent twenty-five access events with appropriate styling (deny in critical color, grant in neutral).","1. Given the home page is open, When an access decision is made, Then the new event appears at the top of the feed within one second.
2. Given the SSE connection is lost, When the connection state changes, Then a small indicator shows reconnecting and the feed resumes when the connection is restored.
3. Given a deny event is in the feed, When the event is inspected, Then the reason code is displayed in a way that distinguishes it from grants (color, prefix, or icon).","US-13.04","The SSE consumer in the browser uses the standard EventSource API. The server-side SSE endpoint for the dashboard is similar to but distinct from the reader-facing SSE in US-07.02.","All criteria satisfied.","E13,S12"
"US-13.06","Implement Audit page with filters and CSV export","Story","E13","Admin Dashboard Frontend","S12","To Do","Medium","5","auditor","to filter the audit log by multiple dimensions and export results","I can produce compliance reports","Implement `/audit` with the filter controls (date range, doors, members, decision, reason codes), the results table with keyset pagination, the drill-down detail view for individual events, and the export-to-CSV button.","1. Given filters are applied, When the URL is shared, Then opening the URL in another browser reproduces the filtered view.
2. Given the export button is clicked, When the export is requested, Then the user is shown progress and the download link appears when the file is ready.
3. Given a conflict-flagged event (offline reconciliation discrepancy), When the event renders in the list, Then it is visually distinguished from regular deny events.","US-13.05, US-09.02","The filter state is encoded in URL query parameters for shareability.","All criteria satisfied.","E13,S12"
"US-13.07","Implement Settings pages (Users, Subscriptions, Export, Tenant)","Story","E13","Admin Dashboard Frontend","S12","To Do","Medium","5","tenant owner","to manage users, subscriptions, exports, and tenant settings through the dashboard","all configuration is accessible without CLI","Implement the four settings sub-pages under `/settings` with their respective CRUD operations. Use permission-aware rendering: owner-only controls are not rendered for manager or auditor sessions.","1. Given a manager-role session, When `/settings/users` is visited, Then the page returns 403 or redirects to the dashboard home with an ""insufficient role"" notice.
2. Given an owner-role session, When a new user is invited, Then the new user appears in the list with the assigned role.
3. Given the dead-letter inspection view, When dead-lettered deliveries exist, Then they are listed with retry and discard actions.","US-13.04, US-10.01, US-11.01","Permission-aware rendering uses both server-side (route protection) and client-side (button visibility) enforcement.","All criteria satisfied.

**Epic E13 total: 31 story points.**","E13,S12"
"US-14.01","Write comprehensive README and quick-start guide","Story","E14","Demo, Documentation, and Handover","S12","To Do","Medium","3","reviewer","a clear and compelling README that lets me understand and run OpenGate in fifteen minutes","I can evaluate the portfolio artifact efficiently","Write the README following the Stripe/DigitalOcean documentation style established in the project's preferences. Include the project pitch, the architectural overview, the quick-start steps for bringing up the Docker Compose stack, and links to all planning documents.","1. Given a fresh clone, When the README's quick-start steps are followed, Then the system is running locally within fifteen minutes.
2. Given the README is opened, When the content above the fold is scanned, Then the reviewer can articulate what OpenGate is and why it exists.
3. Given the README, When the architecture section is read, Then the reviewer can identify the twelve demonstrated patterns from the PRD.","ALL_EPICS_COMPLETE","The documentation standard from the project preferences applies in full.","All criteria satisfied.","E14,S12"
"US-14.02","Configure preconfigured Grafana dashboards","Story","E14","Demo, Documentation, and Handover","S12","To Do","Medium","3","operator","Grafana dashboards ready out of the box that show command latency, decision latency, projection lag, webhook delivery, and reader connectivity","I do not have to build them myself","Create the Grafana dashboard JSON files and bundle them in the Docker Compose configuration's auto-provisioning directory. The dashboards include panels for the metric set defined in System Design section eight.","1. Given the Docker Compose stack is up, When the Grafana UI is opened, Then four preconfigured dashboards are listed.
2. Given the system has been generating traffic, When the dashboards are opened, Then panels show populated data.
3. Given a dashboard panel, When the panel's edit view is opened, Then the underlying PromQL query is readable.","US-06.04","The dashboard JSON is committed under `docker/grafana/provisioning/`.","All criteria satisfied.","E14,S12"
"US-14.03","Record demo video showcasing six PRD scenarios","Story","E14","Demo, Documentation, and Handover","S12","To Do","Medium","3","hiring manager","a short demo video that shows OpenGate solving real scenarios end-to-end","I can evaluate the system without setting it up locally","Record a screen capture of the demo runner exercising the six use case scenarios from PRD section five. The video has narration explaining what each scenario demonstrates and why it matters. Final length is under six minutes.","1. Given the video is watched start to finish, When it ends, Then the viewer has seen all six PRD scenarios demonstrated.
2. Given each scenario, When the demonstration occurs, Then the dashboard, the audit log, and the observability dashboards are shown reflecting the scenario's effects.
3. Given the video is uploaded, When its URL is included in the README, Then the link resolves and plays in standard browsers.","US-14.01, US-14.02","The demo runner is a small CLI that scripts the scenarios via API calls and pauses for narration.","All criteria satisfied.","E14,S12"
"US-14.04","Write final handover document and project retrospective","Story","E14","Demo, Documentation, and Handover","S12","To Do","Medium","2","future maintainer (or the present author six months later)","a concise handover document capturing decisions, gotchas, and lessons learned","the project context is preserved beyond the immediate development window","Write the final handover document summarizing what was built, what was deferred, what failed and was reworked, and what an extender of the project would need to know to continue. Include a brief retrospective on the planning process itself.","1. Given the handover document, When a new contributor reads it, Then they can identify the next reasonable extension to the project.
2. Given the retrospective section, When it is read, Then it identifies at least three concrete lessons learned during the sixty-day window.
3. Given the document is committed to the repository, When the README is updated, Then a link to the handover is present in the README.","US-14.03","The handover follows the same anti-fluff style as the planning documents.","All criteria satisfied.

**Epic E14 total: 11 story points.**","E14,S12"
